Source,Target,weight
abstract_thinking,abstract_thinking,6188499.591945417
abstract_thinking,adaptability,381525.89891879883
abstract_thinking,attention_shifting,992282.1444253675
abstract_thinking,cognitive_flexibility,861189.8600942015
abstract_thinking,comprehension,896631.6369001035
abstract_thinking,creativity,158525.5204598369
abstract_thinking,discourse_ability,131438.86324139478
abstract_thinking,echoic_memory,224603.87910310176
abstract_thinking,empathy,133516.64354894962
abstract_thinking,episodic_memory,3248314.5594991855
abstract_thinking,expressive_language,2092981.3526013775
abstract_thinking,fluency,1922659.4420573874
abstract_thinking,goal_setting,19305.190372380424
abstract_thinking,iconic_memory,79809.07258077973
abstract_thinking,intercultural_competence,474472.8971170148
abstract_thinking,mental_flexibility,430626.2528742575
abstract_thinking,naming,183218.72240340442
abstract_thinking,narrative_skills,167151.97361544412
abstract_thinking,planning,105895.37002671044
abstract_thinking,problem_solving,758509.5290204996
abstract_thinking,procedural_memory,437793.93714477756
abstract_thinking,processing_speed,1182403.0869161312
abstract_thinking,prospective_memory,362814.39220912434
abstract_thinking,reading,882657.8014822095
abstract_thinking,reasoning,4762341.258438556
abstract_thinking,receptive_language,406225.3496749635
abstract_thinking,recognition_of_social_cues,185122.46563063568
abstract_thinking,relationship_management,240249.62657873516
abstract_thinking,repetition,387068.8268936019
abstract_thinking,selective_attention,678974.4205294256
abstract_thinking,self_awareness,542263.2897296493
abstract_thinking,semantic_memory,177141.21645719538
abstract_thinking,social_judgment,28990.155121345208
abstract_thinking,strategic_thinking,581113.0803921608
abstract_thinking,sustained_attention,173040.122839191
abstract_thinking,theory_of_mind,526697.9948812574
abstract_thinking,time_management,75615.69286197037
abstract_thinking,vigilance_attention,222236.34105975635
abstract_thinking,working_memory,203387.76269736697
adaptability,adaptability,2587879.7470385307
adaptability,attention_shifting,524527.0305485734
adaptability,comprehension,461182.05511041556
adaptability,conflict_resolution,898100.9634266737
adaptability,creativity,8786.95821259873
adaptability,episodic_memory,1112407.8197826205
adaptability,expressive_language,123184.7366919977
adaptability,iconic_memory,277150.2703278116
adaptability,mental_flexibility,384548.82519713364
adaptability,naming,104604.37814226196
adaptability,problem_solving,1693385.6564407873
adaptability,procedural_memory,473309.7295869461
adaptability,processing_speed,460899.6618308623
adaptability,prospective_memory,513362.34038078797
adaptability,reasoning,86613.77739076366
adaptability,receptive_language,564820.1860857013
adaptability,relationship_management,190214.8461065035
adaptability,selective_attention,327182.1602478135
adaptability,spatial_memory,626252.5449401346
adaptability,vigilance_attention,9780.443510251655
adaptability,working_memory,282792.5782233905
attention_shifting,attention_shifting,25468413.63509031
attention_shifting,auditory_processing_speed,1362151.8869724993
attention_shifting,cognitive_flexibility,1321687.9522127328
attention_shifting,comprehension,3086732.0235261684
attention_shifting,conflict_resolution,609931.2050462206
attention_shifting,creativity,1024232.2086725702
attention_shifting,decision_making,745274.1185207203
attention_shifting,discourse_ability,830205.0443212711
attention_shifting,divided_attention,357756.58864036517
attention_shifting,echoic_memory,1467705.6190504772
attention_shifting,emotional_regulation,220080.51731144308
attention_shifting,empathy,366596.4576409748
attention_shifting,episodic_memory,1390544.9774038268
attention_shifting,expressive_language,2279487.8362855734
attention_shifting,fluency,401761.6914501662
attention_shifting,goal_setting,46809.437335522045
attention_shifting,iconic_memory,420904.3560072209
attention_shifting,impulse_control,171439.71758522815
attention_shifting,intercultural_competence,273023.56908691605
attention_shifting,linguistic_analysis,4282729.08008791
attention_shifting,mental_flexibility,2597492.538053177
attention_shifting,naming,258294.46461095702
attention_shifting,narrative_skills,202718.03576763367
attention_shifting,organization,956850.7014357973
attention_shifting,planning,348030.8013872515
attention_shifting,pragmatics,488793.57266905805
attention_shifting,problem_solving,1068711.40994738
attention_shifting,procedural_memory,1084064.712978284
attention_shifting,prospective_memory,1661474.1189641948
attention_shifting,reading,845490.704047893
attention_shifting,reasoning,5016034.420854075
attention_shifting,receptive_language,1163013.7311830793
attention_shifting,recognition_of_social_cues,576071.4346549012
attention_shifting,relationship_management,1013556.7051663945
attention_shifting,repetition,38373.81455607788
attention_shifting,selective_attention,1083961.71680942
attention_shifting,self_awareness,440860.9650357049
attention_shifting,semantic_memory,4248173.596643466
attention_shifting,social_judgment,322881.44836686517
attention_shifting,spatial_memory,1395846.0679870085
attention_shifting,strategic_thinking,510295.38341446774
attention_shifting,sustained_attention,235553.43623590627
attention_shifting,theory_of_mind,1942914.0868667972
attention_shifting,time_management,294946.14018424076
attention_shifting,visual_processing_speed,440069.34312962304
attention_shifting,working_memory,5263686.983215677
cognitive_flexibility,cognitive_flexibility,16110547.528606584
cognitive_flexibility,creativity,138052.71731218678
cognitive_flexibility,decision_making,9677.733045191011
cognitive_flexibility,discourse_ability,965242.0129508955
cognitive_flexibility,emotional_regulation,485160.9420214312
cognitive_flexibility,empathy,92066.12496856909
cognitive_flexibility,episodic_memory,289686.70596413285
cognitive_flexibility,expressive_language,127052.48455180252
cognitive_flexibility,fluency,1719474.722416684
cognitive_flexibility,goal_setting,44598.42943837663
cognitive_flexibility,iconic_memory,746293.5077226871
cognitive_flexibility,impulse_control,734032.7796187559
cognitive_flexibility,intercultural_competence,61924.84708099347
cognitive_flexibility,linguistic_analysis,6295070.7891710065
cognitive_flexibility,mental_flexibility,21620.207300815116
cognitive_flexibility,naming,394104.97408133734
cognitive_flexibility,narrative_skills,124592.11897657368
cognitive_flexibility,organization,1053984.8705188062
cognitive_flexibility,planning,108011.73464614004
cognitive_flexibility,pragmatics,289655.8536435371
cognitive_flexibility,problem_solving,3541286.0822222736
cognitive_flexibility,procedural_memory,937400.9126432313
cognitive_flexibility,prospective_memory,144784.98367229587
cognitive_flexibility,reading,2042951.948339612
cognitive_flexibility,reasoning,3920886.572396279
cognitive_flexibility,recognition_of_social_cues,1177837.9717789094
cognitive_flexibility,relationship_management,1468500.495345069
cognitive_flexibility,risk_assessment,211412.33662205288
cognitive_flexibility,selective_attention,1288671.0054335962
cognitive_flexibility,self_awareness,220973.43261204232
cognitive_flexibility,semantic_memory,194950.81487764223
cognitive_flexibility,social_judgment,223165.52215833255
cognitive_flexibility,theory_of_mind,360686.57757914765
cognitive_flexibility,time_management,45348.690802834106
cognitive_flexibility,vigilance_attention,471347.01046686206
cognitive_flexibility,visual_processing_speed,245899.64956714056
cognitive_flexibility,working_memory,613577.9482274717
comprehension,auditory_processing_speed,462725.68547289
comprehension,comprehension,11613555.90007708
comprehension,creativity,415233.5762072972
comprehension,discourse_ability,316314.38862515753
comprehension,echoic_memory,232833.8990896394
comprehension,empathy,170042.47654941166
comprehension,episodic_memory,2501849.206071195
comprehension,expressive_language,63331.10411574132
comprehension,fluency,490462.0572066265
comprehension,goal_setting,62463.42151485761
comprehension,iconic_memory,395549.71035573987
comprehension,impulse_control,631124.092788553
comprehension,linguistic_analysis,1714037.4208970796
comprehension,mental_flexibility,1183476.486389171
comprehension,problem_solving,691167.8979442025
comprehension,prospective_memory,658660.3677009625
comprehension,reasoning,3988205.3679180834
comprehension,recognition_of_social_cues,801917.101967625
comprehension,relationship_management,185309.79608022518
comprehension,repetition,22037.63388625067
comprehension,risk_assessment,43850.47228534948
comprehension,selective_attention,707460.5084367289
comprehension,self_awareness,474410.2555350398
comprehension,semantic_memory,2637199.8347958084
comprehension,spatial_memory,2122908.824337782
comprehension,sustained_attention,665256.7248760998
comprehension,theory_of_mind,2517201.620596299
comprehension,time_management,65863.37533307321
creativity,auditory_processing_speed,166197.52826518108
creativity,conflict_resolution,182529.3968236597
creativity,creativity,1230677.083046193
creativity,decision_making,587815.9517827581
creativity,discourse_ability,132821.06769810995
creativity,divided_attention,242169.2795935152
creativity,empathy,194767.8616571579
creativity,episodic_memory,455002.43480107957
creativity,expressive_language,114138.23221224001
creativity,goal_setting,24974.494526241033
creativity,iconic_memory,85467.28811870572
creativity,impulse_control,328433.023279261
creativity,linguistic_analysis,1208867.6744318726
creativity,naming,104781.54675403451
creativity,narrative_skills,9989.23151670246
creativity,organization,739245.6563058185
creativity,planning,166784.60891653653
creativity,pragmatics,39650.06858300439
creativity,prospective_memory,91798.36823153334
creativity,reading,32241.598548034013
creativity,reasoning,1272779.1809809585
creativity,recognition_of_social_cues,70529.528949619
creativity,relationship_management,26173.354123198413
creativity,semantic_memory,392906.5095474633
creativity,sustained_attention,177047.6187814342
creativity,theory_of_mind,100197.19642206503
creativity,time_management,114919.51622903658
creativity,vigilance_attention,9062.182235311928
creativity,visual_processing_speed,220338.0146956875
creativity,working_memory,566866.6398237875
creativity,writing,316041.45879505196
discourse_ability,auditory_processing_speed,292810.17308049736
discourse_ability,conflict_resolution,48866.54683957345
discourse_ability,discourse_ability,1936138.5910393961
discourse_ability,echoic_memory,86400.742703733
discourse_ability,empathy,65322.82603525286
discourse_ability,expressive_language,538374.0036391147
discourse_ability,fluency,1009322.4744344372
discourse_ability,goal_setting,6271.105625834771
discourse_ability,iconic_memory,146781.84269819298
discourse_ability,impulse_control,12083.452186732942
discourse_ability,linguistic_analysis,312267.2931985893
discourse_ability,mental_flexibility,505545.7985406556
discourse_ability,naming,253702.48941329238
discourse_ability,narrative_skills,44706.03813326881
discourse_ability,organization,218640.38445942316
discourse_ability,planning,113782.72364525184
discourse_ability,pragmatics,82604.7839126339
discourse_ability,problem_solving,1297806.5432448913
discourse_ability,reading,37941.84531479616
discourse_ability,reasoning,1205253.1891086935
discourse_ability,receptive_language,135814.07983060635
discourse_ability,recognition_of_social_cues,262231.4456745088
discourse_ability,repetition,161047.21884122645
discourse_ability,semantic_memory,68058.67475764314
discourse_ability,strategic_thinking,781293.6379418098
discourse_ability,sustained_attention,246865.57817690933
discourse_ability,theory_of_mind,263852.7343369621
discourse_ability,time_management,74899.18039401491
discourse_ability,visual_processing_speed,139084.53230399766
discourse_ability,working_memory,985722.7735236972
discourse_ability,writing,77272.95685539597
echoic_memory,conflict_resolution,125497.20392652547
echoic_memory,decision_making,188686.18299808266
echoic_memory,echoic_memory,1313936.269232467
echoic_memory,episodic_memory,550280.7612348332
echoic_memory,expressive_language,701696.0645574199
echoic_memory,fluency,336366.0916738471
echoic_memory,goal_setting,18919.353661751415
echoic_memory,iconic_memory,131309.58545805767
echoic_memory,impulse_control,96072.9292490474
echoic_memory,linguistic_analysis,1052049.1851375138
echoic_memory,naming,24215.360834936906
echoic_memory,narrative_skills,93131.11992305219
echoic_memory,planning,152368.17696867572
echoic_memory,problem_solving,905196.4814818959
echoic_memory,processing_speed,161775.4481213001
echoic_memory,prospective_memory,671467.4101148035
echoic_memory,reasoning,3084309.3270116085
echoic_memory,recognition_of_social_cues,340430.87116561894
echoic_memory,repetition,72067.21400185958
echoic_memory,self_awareness,179356.3690895869
echoic_memory,semantic_memory,282570.4587337547
echoic_memory,spatial_memory,37443.18549925319
echoic_memory,strategic_thinking,353732.97087646986
echoic_memory,sustained_attention,244729.1144915611
echoic_memory,time_management,23346.38911423498
echoic_memory,working_memory,973317.4880665708
empathy,decision_making,35417.31692002243
empathy,divided_attention,51256.51805846107
empathy,emotional_regulation,39869.92102908343
empathy,empathy,311376.0846359693
empathy,goal_setting,2564.7695967941127
empathy,iconic_memory,28017.3747452116
empathy,impulse_control,16613.539037643743
empathy,intercultural_competence,4153.509611727754
empathy,linguistic_analysis,149583.8096725498
empathy,naming,69997.40981586526
empathy,narrative_skills,3123.8225471216733
empathy,planning,161340.32260791952
empathy,problem_solving,131004.64438466913
empathy,procedural_memory,71655.36908297606
empathy,reading,49050.633297251785
empathy,reasoning,304521.1705342223
empathy,repetition,18326.080529109782
empathy,selective_attention,234375.67222335434
empathy,semantic_memory,221089.85856709085
empathy,social_judgment,92715.78778322003
empathy,strategic_thinking,52217.01116739093
empathy,theory_of_mind,86206.62831609555
empathy,time_management,5853.332889404513
empathy,visual_processing_speed,221522.09340714224
empathy,working_memory,99339.50803490287
episodic_memory,auditory_processing_speed,438283.61774385977
episodic_memory,conflict_resolution,627299.5070226629
episodic_memory,decision_making,674328.1359241842
episodic_memory,episodic_memory,9297762.695964761
episodic_memory,expressive_language,1265389.0631138734
episodic_memory,fluency,2748452.2398170433
episodic_memory,goal_setting,36302.86698972374
episodic_memory,iconic_memory,211186.9678633044
episodic_memory,impulse_control,575714.9027068637
episodic_memory,intercultural_competence,148741.67891974543
episodic_memory,linguistic_analysis,826446.2588955222
episodic_memory,mental_flexibility,23813.862472910798
episodic_memory,narrative_skills,316635.668090596
episodic_memory,problem_solving,1068948.527409663
episodic_memory,procedural_memory,681666.0326058347
episodic_memory,processing_speed,1749963.041728226
episodic_memory,prospective_memory,291749.361305952
episodic_memory,reading,634495.4767429606
episodic_memory,reasoning,8274929.303310399
episodic_memory,recognition_of_social_cues,190640.22014260787
episodic_memory,risk_assessment,31999.3016540438
episodic_memory,self_awareness,1000074.107046941
episodic_memory,social_judgment,219266.1993001884
episodic_memory,strategic_thinking,1362663.8452712903
episodic_memory,sustained_attention,133183.88898331753
episodic_memory,theory_of_mind,730754.2673322081
episodic_memory,writing,291906.10322389944
expressive_language,conflict_resolution,459590.9506132135
expressive_language,decision_making,385318.54452169815
expressive_language,expressive_language,11358307.008953018
expressive_language,fluency,3474553.060077696
expressive_language,iconic_memory,230407.43951171055
expressive_language,intercultural_competence,139239.62194013057
expressive_language,linguistic_analysis,68373.04579705696
expressive_language,naming,691663.1695190606
expressive_language,narrative_skills,29270.39796413239
expressive_language,organization,600636.1060840848
expressive_language,planning,821519.1227897648
expressive_language,pragmatics,458496.17815810384
expressive_language,prospective_memory,16652.7124685648
expressive_language,reading,1590258.5174832912
expressive_language,reasoning,4869094.89325872
expressive_language,receptive_language,938557.2135353347
expressive_language,recognition_of_social_cues,179615.50092910902
expressive_language,relationship_management,625636.8497731495
expressive_language,repetition,1377256.6749975202
expressive_language,risk_assessment,9064.534151745593
expressive_language,selective_attention,12969.826343511817
expressive_language,self_awareness,547900.4393165149
expressive_language,semantic_memory,1802498.2231384316
expressive_language,spatial_memory,1189357.201165943
expressive_language,strategic_thinking,587154.0966717029
expressive_language,sustained_attention,249415.37556794885
expressive_language,theory_of_mind,1044247.0374165237
expressive_language,time_management,179117.34306767513
expressive_language,vigilance_attention,438957.6597143971
expressive_language,working_memory,2854426.3908413094
expressive_language,writing,403117.7423796053
fluency,auditory_processing_speed,686960.2746560214
fluency,decision_making,9261.852647901302
fluency,fluency,7675339.972545834
fluency,goal_setting,5108.125975616701
fluency,impulse_control,231518.03220626083
fluency,linguistic_analysis,1232019.05827874
fluency,naming,712097.6606052708
fluency,narrative_skills,200255.93695421633
fluency,organization,156425.47429877263
fluency,planning,540364.4004714207
fluency,pragmatics,392297.55717738403
fluency,problem_solving,4889012.525340049
fluency,processing_speed,832313.816277664
fluency,reading,12331.990807213191
fluency,reasoning,3649442.5194907268
fluency,receptive_language,644993.2948700847
fluency,recognition_of_social_cues,10332.021267647247
fluency,repetition,764827.7442193269
fluency,risk_assessment,8626.260159250427
fluency,self_awareness,426739.2336342117
fluency,semantic_memory,749026.9181617061
fluency,spatial_memory,316538.42437047476
fluency,strategic_thinking,2650264.406095851
fluency,sustained_attention,56830.57917076656
fluency,theory_of_mind,552438.39243629
fluency,visual_processing_speed,76387.94085925659
fluency,working_memory,665133.7613510607
fluency,writing,366976.2303634438
goal_setting,auditory_processing_speed,1815.8077666117233
goal_setting,conflict_resolution,13188.282250788034
goal_setting,decision_making,17237.049872444466
goal_setting,divided_attention,7638.906527373108
goal_setting,goal_setting,8548.118571930507
goal_setting,iconic_memory,40755.48167224716
goal_setting,impulse_control,12568.144011946944
goal_setting,intercultural_competence,4311.9767830716955
goal_setting,linguistic_analysis,64904.73874098766
goal_setting,naming,1331.220838021544
goal_setting,narrative_skills,7353.218158324635
goal_setting,organization,5210.770440891139
goal_setting,planning,11098.58933379565
goal_setting,problem_solving,69563.91116176799
goal_setting,processing_speed,28504.86678464969
goal_setting,reading,3112.3498762642034
goal_setting,reasoning,71237.33402559186
goal_setting,receptive_language,6291.667830924887
goal_setting,recognition_of_social_cues,54772.460534394435
goal_setting,risk_assessment,1663.4022438604638
goal_setting,selective_attention,65768.63715422424
goal_setting,self_awareness,6761.412386069931
goal_setting,semantic_memory,48110.76377057253
goal_setting,social_judgment,5950.23962581623
goal_setting,spatial_memory,2639.816610097889
goal_setting,strategic_thinking,28461.0609127923
goal_setting,sustained_attention,16029.178783970314
goal_setting,theory_of_mind,30783.937028774923
goal_setting,time_management,938.7011274939063
goal_setting,working_memory,27888.362489042436
goal_setting,writing,12093.956107771293
iconic_memory,conflict_resolution,119024.83871586398
iconic_memory,decision_making,29267.299565118698
iconic_memory,emotional_regulation,132360.50993215299
iconic_memory,iconic_memory,1118768.809033861
iconic_memory,impulse_control,85792.16899641162
iconic_memory,intercultural_competence,34510.462988330924
iconic_memory,linguistic_analysis,1562536.352225808
iconic_memory,naming,55998.474888147364
iconic_memory,narrative_skills,10064.848394689681
iconic_memory,pragmatics,55916.29689333143
iconic_memory,problem_solving,959441.7663747694
iconic_memory,procedural_memory,62727.48445986388
iconic_memory,processing_speed,120605.83156788844
iconic_memory,prospective_memory,103820.85321036419
iconic_memory,reasoning,874821.7422583981
iconic_memory,recognition_of_social_cues,1011557.6611051324
iconic_memory,relationship_management,52485.26083185487
iconic_memory,repetition,49477.81757634106
iconic_memory,selective_attention,31516.672935196584
iconic_memory,self_awareness,54616.03958772994
iconic_memory,semantic_memory,461375.07636105886
iconic_memory,strategic_thinking,6279.070400571548
iconic_memory,sustained_attention,375179.8389676706
iconic_memory,theory_of_mind,70917.12673182109
iconic_memory,vigilance_attention,18293.55654767901
iconic_memory,working_memory,123622.28479645192
iconic_memory,writing,76444.76493865054
intercultural_competence,auditory_processing_speed,57659.47372555951
intercultural_competence,conflict_resolution,71251.6106642362
intercultural_competence,impulse_control,8023.084053465711
intercultural_competence,intercultural_competence,655578.1551087393
intercultural_competence,linguistic_analysis,228242.89508702513
intercultural_competence,mental_flexibility,266039.42209123896
intercultural_competence,naming,3888.4477036188296
intercultural_competence,narrative_skills,8123.460577235316
intercultural_competence,processing_speed,181297.41571083112
intercultural_competence,reading,173279.62314783566
intercultural_competence,reasoning,1220227.0296982175
intercultural_competence,receptive_language,109640.71470607672
intercultural_competence,repetition,582599.9056222459
intercultural_competence,risk_assessment,71238.7667056119
intercultural_competence,semantic_memory,296958.7823717874
intercultural_competence,social_judgment,262099.90864877115
intercultural_competence,strategic_thinking,7933.332793071085
intercultural_competence,sustained_attention,24974.26739425344
intercultural_competence,theory_of_mind,244943.09916773398
intercultural_competence,working_memory,192366.4296444724
mental_flexibility,auditory_processing_speed,79264.54114861293
mental_flexibility,conflict_resolution,18745.156053235605
mental_flexibility,impulse_control,4639.054856978524
mental_flexibility,mental_flexibility,2672313.391368084
mental_flexibility,narrative_skills,9724.507180952045
mental_flexibility,organization,83870.22188587065
mental_flexibility,problem_solving,22914.46651793746
mental_flexibility,procedural_memory,30799.499594095807
mental_flexibility,reasoning,682088.0061921802
mental_flexibility,repetition,217031.50515446992
mental_flexibility,spatial_memory,1607077.1905914263
mental_flexibility,theory_of_mind,101213.63182171692
mental_flexibility,working_memory,211123.84266897533
naming,auditory_processing_speed,266841.3122534066
naming,decision_making,251362.1080412111
naming,impulse_control,28954.21411921323
naming,linguistic_analysis,330765.32090050256
naming,naming,814134.935567828
naming,narrative_skills,31579.287624691242
naming,organization,38819.82939087256
naming,planning,73991.2489172952
naming,pragmatics,68351.22984959488
naming,problem_solving,1546264.353626725
naming,processing_speed,16294.194961108227
naming,reading,250643.18737424444
naming,reasoning,26827.186841079998
naming,receptive_language,125400.87778360439
naming,recognition_of_social_cues,211814.5767373192
naming,relationship_management,163580.85058334912
naming,repetition,298763.90355473675
naming,selective_attention,72640.69362419409
naming,semantic_memory,117568.93928363183
naming,spatial_memory,11284.531644084811
naming,strategic_thinking,1071532.7817667737
naming,sustained_attention,25389.849720098435
naming,theory_of_mind,80741.35295064098
naming,time_management,52872.97214080351
naming,vigilance_attention,71184.59055823155
naming,visual_processing_speed,73899.64970959099
naming,working_memory,90694.26757500955
narrative_skills,auditory_processing_speed,22014.68735143957
narrative_skills,conflict_resolution,1044.6473531593435
narrative_skills,decision_making,5934.716598011823
narrative_skills,divided_attention,20561.921556749192
narrative_skills,impulse_control,16489.32533878899
narrative_skills,linguistic_analysis,145037.1160564589
narrative_skills,narrative_skills,311446.9016427199
narrative_skills,organization,36824.87100708578
narrative_skills,planning,12832.79259450787
narrative_skills,pragmatics,4328.328345373001
narrative_skills,problem_solving,894543.8506097905
narrative_skills,procedural_memory,109475.52566983932
narrative_skills,processing_speed,180504.2880565657
narrative_skills,prospective_memory,32667.34499708781
narrative_skills,reading,37054.27586588173
narrative_skills,reasoning,119112.29643122679
narrative_skills,recognition_of_social_cues,48874.66531481108
narrative_skills,repetition,25041.574003285346
narrative_skills,risk_assessment,6672.81881414656
narrative_skills,selective_attention,56726.231603102875
narrative_skills,self_awareness,4227.92390180315
narrative_skills,social_judgment,13020.051707920082
narrative_skills,strategic_thinking,162991.38410996302
narrative_skills,sustained_attention,4340.860520574432
narrative_skills,theory_of_mind,841085.2180776095
narrative_skills,time_management,12245.947169386473
narrative_skills,visual_processing_speed,13809.24839417764
narrative_skills,working_memory,114559.53119405021
planning,conflict_resolution,48633.768123950074
planning,impulse_control,201891.8969589361
planning,linguistic_analysis,777729.4873927918
planning,organization,334577.3158922972
planning,planning,673885.7630920621
planning,pragmatics,91075.55491951256
planning,problem_solving,471836.4692839242
planning,prospective_memory,108475.80554612655
planning,reading,41973.29105357543
planning,reasoning,1341572.5785097412
planning,receptive_language,277883.4457640493
planning,recognition_of_social_cues,81932.74702867573
planning,relationship_management,348503.68767392886
planning,repetition,177561.92958172705
planning,selective_attention,255061.60617417537
planning,semantic_memory,299730.3816260593
planning,social_judgment,16666.49332166984
planning,theory_of_mind,231677.11155788973
planning,time_management,12132.719499169238
planning,visual_processing_speed,163535.9216793045
planning,working_memory,272207.74337029824
planning,writing,85196.97156184161
problem_solving,auditory_processing_speed,1095254.2648377651
problem_solving,conflict_resolution,615135.2440986254
problem_solving,decision_making,435808.5548378861
problem_solving,emotional_regulation,1501160.4729988582
problem_solving,impulse_control,422292.20557413145
problem_solving,linguistic_analysis,4784379.011805248
problem_solving,organization,129798.2301762915
problem_solving,pragmatics,110079.78857067326
problem_solving,problem_solving,28704808.37368456
problem_solving,procedural_memory,880089.1603975921
problem_solving,processing_speed,345476.9193873623
problem_solving,prospective_memory,2007369.3801858497
problem_solving,reading,4058852.140713803
problem_solving,reasoning,12566097.193655826
problem_solving,receptive_language,422833.17827199906
problem_solving,recognition_of_social_cues,779755.9010398341
problem_solving,relationship_management,577007.4513821069
problem_solving,repetition,1141553.9865225228
problem_solving,risk_assessment,104592.78854394614
problem_solving,selective_attention,3781452.851892343
problem_solving,self_awareness,187756.1879258441
problem_solving,semantic_memory,66842.01963906213
problem_solving,social_judgment,79454.33101895443
problem_solving,strategic_thinking,4398122.7615498295
problem_solving,sustained_attention,780234.8688707477
problem_solving,theory_of_mind,4643981.171940315
problem_solving,time_management,193520.27674629612
problem_solving,visual_processing_speed,521932.284390615
problem_solving,working_memory,262733.5370941644
problem_solving,writing,548769.2333179102
procedural_memory,conflict_resolution,217166.3184945696
procedural_memory,impulse_control,80391.85298484695
procedural_memory,linguistic_analysis,532891.4715822986
procedural_memory,organization,408698.4528507024
procedural_memory,pragmatics,21518.16102086089
procedural_memory,procedural_memory,1679792.3737988614
procedural_memory,processing_speed,111448.36363753946
procedural_memory,prospective_memory,124134.1609175928
procedural_memory,reasoning,1100156.5579359718
procedural_memory,relationship_management,148153.07915545863
procedural_memory,risk_assessment,136497.9188831657
procedural_memory,semantic_memory,202683.2279566175
procedural_memory,social_judgment,27822.556382204086
procedural_memory,spatial_memory,166043.50249577008
procedural_memory,strategic_thinking,187022.36072227513
procedural_memory,sustained_attention,95678.19042062142
procedural_memory,theory_of_mind,282666.92612478306
procedural_memory,visual_processing_speed,81000.44892372061
procedural_memory,writing,255160.49244643495
processing_speed,conflict_resolution,211472.26963314254
processing_speed,decision_making,15381.489094724548
processing_speed,linguistic_analysis,338650.3974121001
processing_speed,pragmatics,23124.27073891033
processing_speed,processing_speed,1546572.2207372969
processing_speed,prospective_memory,120879.39294741747
processing_speed,receptive_language,112155.09043544304
processing_speed,recognition_of_social_cues,314226.04650285176
processing_speed,repetition,239373.59966538317
processing_speed,risk_assessment,60694.973686500314
processing_speed,self_awareness,427421.9528920446
processing_speed,semantic_memory,70182.6264298131
processing_speed,social_judgment,490831.88141291845
processing_speed,strategic_thinking,345946.5354164308
processing_speed,theory_of_mind,37270.64087438915
processing_speed,working_memory,53581.00353981134
prospective_memory,conflict_resolution,589267.737234926
prospective_memory,decision_making,566829.9293718911
prospective_memory,emotional_regulation,574166.8790716908
prospective_memory,linguistic_analysis,1355838.4303609477
prospective_memory,prospective_memory,2692762.264810595
prospective_memory,reasoning,4559935.217191569
prospective_memory,receptive_language,61131.4142562788
prospective_memory,relationship_management,161038.4693347986
prospective_memory,repetition,34069.75915992056
prospective_memory,selective_attention,685672.0085131482
prospective_memory,self_awareness,122061.50358619074
prospective_memory,semantic_memory,234308.93755514646
prospective_memory,spatial_memory,16002.130327276367
prospective_memory,time_management,42305.2818891441
prospective_memory,vigilance_attention,144559.68778562604
prospective_memory,visual_processing_speed,43763.5332082604
prospective_memory,working_memory,801748.8450732857
prospective_memory,writing,298198.2318611171
reading,auditory_processing_speed,721040.8911493801
reading,decision_making,8928.143076999373
reading,emotional_regulation,231669.1181031684
reading,impulse_control,67708.40710057279
reading,linguistic_analysis,1224046.0132414706
reading,pragmatics,131805.87416018787
reading,reading,11704743.78383914
reading,reasoning,9118892.318199653
reading,recognition_of_social_cues,9959.75294133594
reading,repetition,840420.7320565572
reading,selective_attention,2836663.7284662216
reading,semantic_memory,3053463.254927092
reading,social_judgment,406100.5710309993
reading,strategic_thinking,1190153.4106132814
reading,sustained_attention,579535.1417440323
reading,theory_of_mind,1262706.8403180975
reading,time_management,338613.3651147155
reading,vigilance_attention,366860.3076404628
reading,visual_processing_speed,325378.11217617494
reasoning,auditory_processing_speed,801637.5044967956
reasoning,conflict_resolution,700569.5210242987
reasoning,decision_making,3473299.459432329
reasoning,emotional_regulation,1103936.1913186002
reasoning,impulse_control,1538418.7385216793
reasoning,linguistic_analysis,8723291.842862874
reasoning,organization,1925860.0613827833
reasoning,pragmatics,405387.99205725995
reasoning,reasoning,76579895.11943437
reasoning,receptive_language,737599.1932335922
reasoning,recognition_of_social_cues,1233880.8519261105
reasoning,relationship_management,2006021.6322372947
reasoning,repetition,636412.8842915263
reasoning,risk_assessment,84923.33009603804
reasoning,selective_attention,7185.348196117168
reasoning,self_awareness,1185882.8683853871
reasoning,semantic_memory,9562946.233920075
reasoning,social_judgment,201775.4119678011
reasoning,spatial_memory,10951.891952417118
reasoning,strategic_thinking,4650262.130537264
reasoning,sustained_attention,1412960.7383997445
reasoning,theory_of_mind,2619640.307945884
reasoning,time_management,437272.9399787714
reasoning,vigilance_attention,503079.21437472966
reasoning,visual_processing_speed,34246.57772272551
reasoning,working_memory,3593959.963541735
reasoning,writing,2643383.86584819
receptive_language,conflict_resolution,145966.7468274516
receptive_language,decision_making,31353.129535998396
receptive_language,linguistic_analysis,482713.0789988545
receptive_language,organization,392594.9686137219
receptive_language,pragmatics,133261.30769202524
receptive_language,receptive_language,1681580.1913197117
receptive_language,relationship_management,631713.7117674813
receptive_language,repetition,211942.63334981716
receptive_language,selective_attention,392229.5683877818
receptive_language,self_awareness,338712.08304521797
receptive_language,semantic_memory,699298.1662123222
receptive_language,social_judgment,152361.96139199744
receptive_language,time_management,25806.5889056492
receptive_language,vigilance_attention,123716.73610919558
receptive_language,visual_processing_speed,165416.29568934484
receptive_language,working_memory,1202047.7087480659
receptive_language,writing,101693.36720310361
recognition_of_social_cues,conflict_resolution,163081.3945552185
recognition_of_social_cues,decision_making,50524.80740092652
recognition_of_social_cues,impulse_control,676994.8818596208
recognition_of_social_cues,linguistic_analysis,2065025.1376727824
recognition_of_social_cues,pragmatics,148673.54420907306
recognition_of_social_cues,recognition_of_social_cues,3068085.9223950966
recognition_of_social_cues,relationship_management,804248.120934084
recognition_of_social_cues,selective_attention,81332.04246425128
recognition_of_social_cues,semantic_memory,998442.9228897578
recognition_of_social_cues,strategic_thinking,226334.71938459945
recognition_of_social_cues,sustained_attention,670273.3100490833
recognition_of_social_cues,theory_of_mind,104300.70030579752
recognition_of_social_cues,time_management,71859.89857718846
recognition_of_social_cues,working_memory,149944.73025361772
relationship_management,decision_making,81319.85590697585
relationship_management,emotional_regulation,123742.34727091365
relationship_management,linguistic_analysis,1250317.9464934098
relationship_management,organization,1060805.9672158621
relationship_management,pragmatics,63677.61493319236
relationship_management,relationship_management,2342499.8329447894
relationship_management,risk_assessment,97572.48704357751
relationship_management,selective_attention,132091.3962129211
relationship_management,self_awareness,123979.09436183466
relationship_management,semantic_memory,235883.1468394583
relationship_management,time_management,33564.59470868241
relationship_management,working_memory,114170.2422524701
repetition,decision_making,215428.8106359538
repetition,impulse_control,121569.87617286321
repetition,linguistic_analysis,103654.6951991316
repetition,pragmatics,128907.66149998864
repetition,repetition,1946190.1709893788
repetition,risk_assessment,107801.13286952047
repetition,selective_attention,781897.7360985109
repetition,social_judgment,346060.08231961925
repetition,spatial_memory,74028.34761549947
repetition,strategic_thinking,35003.3849011778
repetition,theory_of_mind,558296.2578802782
repetition,visual_processing_speed,143863.46586856633
repetition,working_memory,120804.27404165428
repetition,writing,120587.15843810985
selective_attention,decision_making,85634.87377712264
selective_attention,divided_attention,266533.5222876378
selective_attention,emotional_regulation,189378.5284066703
selective_attention,linguistic_analysis,1192084.780175318
selective_attention,organization,181812.01647988003
selective_attention,pragmatics,49168.16189942755
selective_attention,risk_assessment,58038.733351244606
selective_attention,selective_attention,6101824.31580318
selective_attention,semantic_memory,484522.2085600815
selective_attention,social_judgment,315022.2648294584
selective_attention,spatial_memory,12463.125863897503
selective_attention,theory_of_mind,1134909.84103292
selective_attention,visual_processing_speed,344480.24796752713
selective_attention,working_memory,196380.3943844854
self_awareness,emotional_regulation,128765.99696966776
self_awareness,linguistic_analysis,1039311.9331800516
self_awareness,self_awareness,1873541.9281901103
self_awareness,social_judgment,580649.9449270638
self_awareness,spatial_memory,38921.232319586554
self_awareness,strategic_thinking,464045.1115350475
self_awareness,sustained_attention,57667.253029888765
self_awareness,theory_of_mind,453875.75796943036
self_awareness,time_management,45247.97284354764
self_awareness,visual_processing_speed,68213.42338846729
self_awareness,working_memory,169604.567150911
semantic_memory,auditory_processing_speed,781242.6498019084
semantic_memory,conflict_resolution,1329388.2546756577
semantic_memory,decision_making,702715.1443985158
semantic_memory,divided_attention,1563428.1742610973
semantic_memory,impulse_control,552827.8722884136
semantic_memory,linguistic_analysis,1329712.9976759267
semantic_memory,organization,249356.3985216401
semantic_memory,pragmatics,876476.7781890432
semantic_memory,semantic_memory,19593932.710317563
semantic_memory,social_judgment,40923.08191175681
semantic_memory,strategic_thinking,2542806.0013668756
semantic_memory,theory_of_mind,1218868.1852673173
semantic_memory,time_management,211442.7226713441
semantic_memory,working_memory,1050193.0188153293
social_judgment,decision_making,64059.901114472
social_judgment,divided_attention,56247.564311088194
social_judgment,impulse_control,149854.0691596698
social_judgment,linguistic_analysis,630744.5753936429
social_judgment,organization,38368.46863279155
social_judgment,pragmatics,4344.658780723311
social_judgment,risk_assessment,99994.26307455696
social_judgment,social_judgment,1067595.0374978387
social_judgment,visual_processing_speed,38923.920418376096
strategic_thinking,auditory_processing_speed,821755.5140501803
strategic_thinking,divided_attention,236000.086311922
strategic_thinking,impulse_control,70156.67380359802
strategic_thinking,organization,134374.5622232286
strategic_thinking,pragmatics,80677.09448728221
strategic_thinking,risk_assessment,9619.404745857588
strategic_thinking,spatial_memory,115333.90434496767
strategic_thinking,strategic_thinking,5883375.6067932
strategic_thinking,sustained_attention,128256.8743871572
strategic_thinking,time_management,23106.69308858615
strategic_thinking,vigilance_attention,218315.3411541322
strategic_thinking,visual_processing_speed,56254.669851366576
strategic_thinking,working_memory,15330.881161585381
strategic_thinking,writing,176915.39234178487
sustained_attention,auditory_processing_speed,103921.44033226637
sustained_attention,decision_making,198060.82915708804
sustained_attention,linguistic_analysis,1763506.0694756752
sustained_attention,organization,800189.0712572283
sustained_attention,spatial_memory,167629.42309716452
sustained_attention,sustained_attention,980256.0304632625
sustained_attention,time_management,59706.4159190887
sustained_attention,vigilance_attention,41905.929273419126
sustained_attention,visual_processing_speed,75088.72158129411
theory_of_mind,auditory_processing_speed,229437.1452923237
theory_of_mind,conflict_resolution,31032.4275226462
theory_of_mind,decision_making,18325.859837819156
theory_of_mind,linguistic_analysis,1420545.4828871337
theory_of_mind,organization,314946.0243733289
theory_of_mind,pragmatics,282721.1195197071
theory_of_mind,spatial_memory,177203.91782003042
theory_of_mind,theory_of_mind,10025323.61803603
theory_of_mind,time_management,96677.74650394057
theory_of_mind,visual_processing_speed,344040.39861991
theory_of_mind,working_memory,1264311.0072233619
time_management,decision_making,13585.952032784233
time_management,linguistic_analysis,47007.63915059487
time_management,organization,35007.0979135584
time_management,pragmatics,51138.990359879936
time_management,spatial_memory,57390.745000319126
time_management,time_management,262744.61732091213
time_management,vigilance_attention,54670.806798160775
time_management,visual_processing_speed,9930.07243879111
time_management,working_memory,177385.7513985978
time_management,writing,3357.9744592245597
vigilance_attention,organization,162226.74235883637
vigilance_attention,pragmatics,59043.60692320495
vigilance_attention,vigilance_attention,520941.67316508095
vigilance_attention,visual_processing_speed,28875.08827577325
vigilance_attention,working_memory,311983.9792293504
working_memory,auditory_processing_speed,55552.45444072502
working_memory,conflict_resolution,343121.05764455395
working_memory,decision_making,553692.422084745
working_memory,impulse_control,15504.322254137842
working_memory,linguistic_analysis,2096783.1884328618
working_memory,organization,289622.8044472159
working_memory,pragmatics,39607.552541965684
working_memory,spatial_memory,2312163.215553831
working_memory,visual_processing_speed,529144.9093822123
working_memory,working_memory,12241197.882517941
conflict_resolution,auditory_processing_speed,23584.406695992504
conflict_resolution,conflict_resolution,1673321.6004158522
conflict_resolution,decision_making,1181854.0609821975
conflict_resolution,impulse_control,401851.68079300923
conflict_resolution,organization,25714.88183099747
spatial_memory,auditory_processing_speed,355230.2826278109
spatial_memory,impulse_control,44770.673360631816
spatial_memory,organization,338937.21096258104
spatial_memory,spatial_memory,5057666.24740117
spatial_memory,visual_processing_speed,130311.7698451013
auditory_processing_speed,auditory_processing_speed,1284175.8682202757
auditory_processing_speed,decision_making,44675.34880144314
auditory_processing_speed,linguistic_analysis,967650.4951584537
auditory_processing_speed,pragmatics,172030.73904803704
decision_making,decision_making,2966046.1316046757
decision_making,linguistic_analysis,1242656.0923241004
decision_making,organization,912949.0473804205
decision_making,pragmatics,49793.65938590161
decision_making,visual_processing_speed,18403.092097354194
divided_attention,divided_attention,1470568.1408713441
divided_attention,impulse_control,67461.0687907659
divided_attention,organization,159609.6308422029
divided_attention,risk_assessment,50951.20214876632
emotional_regulation,emotional_regulation,1020306.4323973667
emotional_regulation,linguistic_analysis,259694.00202964546
emotional_regulation,writing,298741.62551679724
impulse_control,impulse_control,2620923.412041028
impulse_control,linguistic_analysis,230896.15133293765
impulse_control,risk_assessment,5066.344747580201
impulse_control,writing,363700.8458062215
linguistic_analysis,linguistic_analysis,22495793.980461977
linguistic_analysis,organization,3680628.290931209
linguistic_analysis,pragmatics,54340.16932153937
linguistic_analysis,risk_assessment,127412.59672060114
linguistic_analysis,visual_processing_speed,315193.303239375
organization,organization,4622145.2610938605
organization,pragmatics,154458.1278049171
organization,risk_assessment,79484.1534510949
organization,visual_processing_speed,176175.1769142446
pragmatics,pragmatics,357673.2816906857
pragmatics,visual_processing_speed,10700.134829559705
pragmatics,writing,61851.898077414524
visual_processing_speed,risk_assessment,525.6159537081852
visual_processing_speed,visual_processing_speed,466894.7424861601
visual_processing_speed,writing,9666.871820881555
risk_assessment,risk_assessment,91991.07269346004
risk_assessment,writing,20252.755797450627
writing,writing,1030238.752511825
